us_cost_uplift,tariff_pct,localise_advantage_usd_per_kwh,localise_wins
1.0,0.0,38.59,1
1.0,2.5,40.09,1
1.0,5.0,41.59,1
1.0,7.5,43.09,1
1.0,10.0,44.59,1
1.0,12.5,46.09,1
1.0,15.0,47.59,1
1.0,17.5,49.09,1
1.0,20.0,50.59,1
1.0,22.5,52.09,1
1.0,25.0,53.59,1
1.0,27.5,55.09,1
1.0,30.0,56.59,1
1.0,32.5,58.09,1
1.0,35.0,59.59,1
1.0,37.5,61.09,1
1.0,40.0,62.59,1
1.0,42.5,64.09,1
1.0,45.0,65.59,1
1.0,47.5,67.09,1
1.0,50.0,68.59,1
1.0,52.5,70.09,1
1.0,55.0,71.59,1
1.0,57.5,73.09,1
1.0,60.0,74.59,1
1.05,0.0,35.59,1
1.05,2.5,37.09,1
1.05,5.0,38.59,1
1.05,7.5,40.09,1
1.05,10.0,41.59,1
1.05,12.5,43.09,1
1.05,15.0,44.59,1
1.05,17.5,46.09,1
1.05,20.0,47.59,1
1.05,22.5,49.09,1
1.05,25.0,50.59,1
1.05,27.5,52.09,1
1.05,30.0,53.59,1
1.05,32.5,55.09,1
1.05,35.0,56.59,1
1.05,37.5,58.09,1
1.05,40.0,59.59,1
1.05,42.5,61.09,1
1.05,45.0,62.59,1
1.05,47.5,64.09,1
1.05,50.0,65.59,1
1.05,52.5,67.09,1
1.05,55.0,68.59,1
1.05,57.5,70.09,1
1.05,60.0,71.59,1
1.1,0.0,32.59,1
1.1,2.5,34.09,1
1.1,5.0,35.59,1
1.1,7.5,37.09,1
1.1,10.0,38.59,1
1.1,12.5,40.09,1
1.1,15.0,41.59,1
1.1,17.5,43.09,1
1.1,20.0,44.59,1
1.1,22.5,46.09,1
1.1,25.0,47.59,1
1.1,27.5,49.09,1
1.1,30.0,50.59,1
1.1,32.5,52.09,1
1.1,35.0,53.59,1
1.1,37.5,55.09,1
1.1,40.0,56.59,1
1.1,42.5,58.09,1
1.1,45.0,59.59,1
1.1,47.5,61.09,1
1.1,50.0,62.59,1
1.1,52.5,64.09,1
1.1,55.0,65.59,1
1.1,57.5,67.09,1
1.1,60.0,68.59,1
1.15,0.0,29.59,1
1.15,2.5,31.09,1
1.15,5.0,32.59,1
1.15,7.5,34.09,1
1.15,10.0,35.59,1
1.15,12.5,37.09,1
1.15,15.0,38.59,1
1.15,17.5,40.09,1
1.15,20.0,41.59,1
1.15,22.5,43.09,1
1.15,25.0,44.59,1
1.15,27.5,46.09,1
1.15,30.0,47.59,1
1.15,32.5,49.09,1
1.15,35.0,50.59,1
1.15,37.5,52.09,1
1.15,40.0,53.59,1
1.15,42.5,55.09,1
1.15,45.0,56.59,1
1.15,47.5,58.09,1
1.15,50.0,59.59,1
1.15,52.5,61.09,1
1.15,55.0,62.59,1
1.15,57.5,64.09,1
1.15,60.0,65.59,1
1.2,0.0,26.59,1
1.2,2.5,28.09,1
1.2,5.0,29.59,1
1.2,7.5,31.09,1
1.2,10.0,32.59,1
1.2,12.5,34.09,1
1.2,15.0,35.59,1
1.2,17.5,37.09,1
1.2,20.0,38.59,1
1.2,22.5,40.09,1
1.2,25.0,41.59,1
1.2,27.5,43.09,1
1.2,30.0,44.59,1
1.2,32.5,46.09,1
1.2,35.0,47.59,1
1.2,37.5,49.09,1
1.2,40.0,50.59,1
1.2,42.5,52.09,1
1.2,45.0,53.59,1
1.2,47.5,55.09,1
1.2,50.0,56.59,1
1.2,52.5,58.09,1
1.2,55.0,59.59,1
1.2,57.5,61.09,1
1.2,60.0,62.59,1
1.25,0.0,23.59,1
1.25,2.5,25.09,1
1.25,5.0,26.59,1
1.25,7.5,28.09,1
1.25,10.0,29.59,1
1.25,12.5,31.09,1
1.25,15.0,32.59,1
1.25,17.5,34.09,1
1.25,20.0,35.59,1
1.25,22.5,37.09,1
1.25,25.0,38.59,1
1.25,27.5,40.09,1
1.25,30.0,41.59,1
1.25,32.5,43.09,1
1.25,35.0,44.59,1
1.25,37.5,46.09,1
1.25,40.0,47.59,1
1.25,42.5,49.09,1
1.25,45.0,50.59,1
1.25,47.5,52.09,1
1.25,50.0,53.59,1
1.25,52.5,55.09,1
1.25,55.0,56.59,1
1.25,57.5,58.09,1
1.25,60.0,59.59,1
1.3,0.0,20.59,1
1.3,2.5,22.09,1
1.3,5.0,23.59,1
1.3,7.5,25.09,1
1.3,10.0,26.59,1
1.3,12.5,28.09,1
1.3,15.0,29.59,1
1.3,17.5,31.09,1
1.3,20.0,32.59,1
1.3,22.5,34.09,1
1.3,25.0,35.59,1
1.3,27.5,37.09,1
1.3,30.0,38.59,1
1.3,32.5,40.09,1
1.3,35.0,41.59,1
1.3,37.5,43.09,1
1.3,40.0,44.59,1
1.3,42.5,46.09,1
1.3,45.0,47.59,1
1.3,47.5,49.09,1
1.3,50.0,50.59,1
1.3,52.5,52.09,1
1.3,55.0,53.59,1
1.3,57.5,55.09,1
1.3,60.0,56.59,1
1.35,0.0,17.59,1
1.35,2.5,19.09,1
1.35,5.0,20.59,1
1.35,7.5,22.09,1
1.35,10.0,23.59,1
1.35,12.5,25.09,1
1.35,15.0,26.59,1
1.35,17.5,28.09,1
1.35,20.0,29.59,1
1.35,22.5,31.09,1
1.35,25.0,32.59,1
1.35,27.5,34.09,1
1.35,30.0,35.59,1
1.35,32.5,37.09,1
1.35,35.0,38.59,1
1.35,37.5,40.09,1
1.35,40.0,41.59,1
1.35,42.5,43.09,1
1.35,45.0,44.59,1
1.35,47.5,46.09,1
1.35,50.0,47.59,1
1.35,52.5,49.09,1
1.35,55.0,50.59,1
1.35,57.5,52.09,1
1.35,60.0,53.59,1
1.4,0.0,14.59,1
1.4,2.5,16.09,1
1.4,5.0,17.59,1
1.4,7.5,19.09,1
1.4,10.0,20.59,1
1.4,12.5,22.09,1
1.4,15.0,23.59,1
1.4,17.5,25.09,1
1.4,20.0,26.59,1
1.4,22.5,28.09,1
1.4,25.0,29.59,1
1.4,27.5,31.09,1
1.4,30.0,32.59,1
1.4,32.5,34.09,1
1.4,35.0,35.59,1
1.4,37.5,37.09,1
1.4,40.0,38.59,1
1.4,42.5,40.09,1
1.4,45.0,41.59,1
1.4,47.5,43.09,1
1.4,50.0,44.59,1
1.4,52.5,46.09,1
1.4,55.0,47.59,1
1.4,57.5,49.09,1
1.4,60.0,50.59,1
1.45,0.0,11.59,1
1.45,2.5,13.09,1
1.45,5.0,14.59,1
1.45,7.5,16.09,1
1.45,10.0,17.59,1
1.45,12.5,19.09,1
1.45,15.0,20.59,1
1.45,17.5,22.09,1
1.45,20.0,23.59,1
1.45,22.5,25.09,1
1.45,25.0,26.59,1
1.45,27.5,28.09,1
1.45,30.0,29.59,1
1.45,32.5,31.09,1
1.45,35.0,32.59,1
1.45,37.5,34.09,1
1.45,40.0,35.59,1
1.45,42.5,37.09,1
1.45,45.0,38.59,1
1.45,47.5,40.09,1
1.45,50.0,41.59,1
1.45,52.5,43.09,1
1.45,55.0,44.59,1
1.45,57.5,46.09,1
1.45,60.0,47.59,1
1.5,0.0,8.59,1
1.5,2.5,10.09,1
1.5,5.0,11.59,1
1.5,7.5,13.09,1
1.5,10.0,14.59,1
1.5,12.5,16.09,1
1.5,15.0,17.59,1
1.5,17.5,19.09,1
1.5,20.0,20.59,1
1.5,22.5,22.09,1
1.5,25.0,23.59,1
1.5,27.5,25.09,1
1.5,30.0,26.59,1
1.5,32.5,28.09,1
1.5,35.0,29.59,1
1.5,37.5,31.09,1
1.5,40.0,32.59,1
1.5,42.5,34.09,1
1.5,45.0,35.59,1
1.5,47.5,37.09,1
1.5,50.0,38.59,1
1.5,52.5,40.09,1
1.5,55.0,41.59,1
1.5,57.5,43.09,1
1.5,60.0,44.59,1
1.55,0.0,5.59,1
1.55,2.5,7.09,1
1.55,5.0,8.59,1
1.55,7.5,10.09,1
1.55,10.0,11.59,1
1.55,12.5,13.09,1
1.55,15.0,14.59,1
1.55,17.5,16.09,1
1.55,20.0,17.59,1
1.55,22.5,19.09,1
1.55,25.0,20.59,1
1.55,27.5,22.09,1
1.55,30.0,23.59,1
1.55,32.5,25.09,1
1.55,35.0,26.59,1
1.55,37.5,28.09,1
1.55,40.0,29.59,1
1.55,42.5,31.09,1
1.55,45.0,32.59,1
1.55,47.5,34.09,1
1.55,50.0,35.59,1
1.55,52.5,37.09,1
1.55,55.0,38.59,1
1.55,57.5,40.09,1
1.55,60.0,41.59,1
1.6,0.0,2.59,1
1.6,2.5,4.09,1
1.6,5.0,5.59,1
1.6,7.5,7.09,1
1.6,10.0,8.59,1
1.6,12.5,10.09,1
1.6,15.0,11.59,1
1.6,17.5,13.09,1
1.6,20.0,14.59,1
1.6,22.5,16.09,1
1.6,25.0,17.59,1
1.6,27.5,19.09,1
1.6,30.0,20.59,1
1.6,32.5,22.09,1
1.6,35.0,23.59,1
1.6,37.5,25.09,1
1.6,40.0,26.59,1
1.6,42.5,28.09,1
1.6,45.0,29.59,1
1.6,47.5,31.09,1
1.6,50.0,32.59,1
1.6,52.5,34.09,1
1.6,55.0,35.59,1
1.6,57.5,37.09,1
1.6,60.0,38.59,1
1.65,0.0,-0.41,0
1.65,2.5,1.09,1
1.65,5.0,2.59,1
1.65,7.5,4.09,1
1.65,10.0,5.59,1
1.65,12.5,7.09,1
1.65,15.0,8.59,1
1.65,17.5,10.09,1
1.65,20.0,11.59,1
1.65,22.5,13.09,1
1.65,25.0,14.59,1
1.65,27.5,16.09,1
1.65,30.0,17.59,1
1.65,32.5,19.09,1
1.65,35.0,20.59,1
1.65,37.5,22.09,1
1.65,40.0,23.59,1
1.65,42.5,25.09,1
1.65,45.0,26.59,1
1.65,47.5,28.09,1
1.65,50.0,29.59,1
1.65,52.5,31.09,1
1.65,55.0,32.59,1
1.65,57.5,34.09,1
1.65,60.0,35.59,1
1.7,0.0,-3.41,0
1.7,2.5,-1.91,0
1.7,5.0,-0.41,0
1.7,7.5,1.09,1
1.7,10.0,2.59,1
1.7,12.5,4.09,1
1.7,15.0,5.59,1
1.7,17.5,7.09,1
1.7,20.0,8.59,1
1.7,22.5,10.09,1
1.7,25.0,11.59,1
1.7,27.5,13.09,1
1.7,30.0,14.59,1
1.7,32.5,16.09,1
1.7,35.0,17.59,1
1.7,37.5,19.09,1
1.7,40.0,20.59,1
1.7,42.5,22.09,1
1.7,45.0,23.59,1
1.7,47.5,25.09,1
1.7,50.0,26.59,1
1.7,52.5,28.09,1
1.7,55.0,29.59,1
1.7,57.5,31.09,1
1.7,60.0,32.59,1
1.75,0.0,-6.41,0
1.75,2.5,-4.91,0
1.75,5.0,-3.41,0
1.75,7.5,-1.91,0
1.75,10.0,-0.41,0
1.75,12.5,1.09,1
1.75,15.0,2.59,1
1.75,17.5,4.09,1
1.75,20.0,5.59,1
1.75,22.5,7.09,1
1.75,25.0,8.59,1
1.75,27.5,10.09,1
1.75,30.0,11.59,1
1.75,32.5,13.09,1
1.75,35.0,14.59,1
1.75,37.5,16.09,1
1.75,40.0,17.59,1
1.75,42.5,19.09,1
1.75,45.0,20.59,1
1.75,47.5,22.09,1
1.75,50.0,23.59,1
1.75,52.5,25.09,1
1.75,55.0,26.59,1
1.75,57.5,28.09,1
1.75,60.0,29.59,1
1.8,0.0,-9.41,0
1.8,2.5,-7.91,0
1.8,5.0,-6.41,0
1.8,7.5,-4.91,0
1.8,10.0,-3.41,0
1.8,12.5,-1.91,0
1.8,15.0,-0.41,0
1.8,17.5,1.09,1
1.8,20.0,2.59,1
1.8,22.5,4.09,1
1.8,25.0,5.59,1
1.8,27.5,7.09,1
1.8,30.0,8.59,1
1.8,32.5,10.09,1
1.8,35.0,11.59,1
1.8,37.5,13.09,1
1.8,40.0,14.59,1
1.8,42.5,16.09,1
1.8,45.0,17.59,1
1.8,47.5,19.09,1
1.8,50.0,20.59,1
1.8,52.5,22.09,1
1.8,55.0,23.59,1
1.8,57.5,25.09,1
1.8,60.0,26.59,1
1.85,0.0,-12.41,0
1.85,2.5,-10.91,0
1.85,5.0,-9.41,0
1.85,7.5,-7.91,0
1.85,10.0,-6.41,0
1.85,12.5,-4.91,0
1.85,15.0,-3.41,0
1.85,17.5,-1.91,0
1.85,20.0,-0.41,0
1.85,22.5,1.09,1
1.85,25.0,2.59,1
1.85,27.5,4.09,1
1.85,30.0,5.59,1
1.85,32.5,7.09,1
1.85,35.0,8.59,1
1.85,37.5,10.09,1
1.85,40.0,11.59,1
1.85,42.5,13.09,1
1.85,45.0,14.59,1
1.85,47.5,16.09,1
1.85,50.0,17.59,1
1.85,52.5,19.09,1
1.85,55.0,20.59,1
1.85,57.5,22.09,1
1.85,60.0,23.59,1
1.9,0.0,-15.41,0
1.9,2.5,-13.91,0
1.9,5.0,-12.41,0
1.9,7.5,-10.91,0
1.9,10.0,-9.41,0
1.9,12.5,-7.91,0
1.9,15.0,-6.41,0
1.9,17.5,-4.91,0
1.9,20.0,-3.41,0
1.9,22.5,-1.91,0
1.9,25.0,-0.41,0
1.9,27.5,1.09,1
1.9,30.0,2.59,1
1.9,32.5,4.09,1
1.9,35.0,5.59,1
1.9,37.5,7.09,1
1.9,40.0,8.59,1
1.9,42.5,10.09,1
1.9,45.0,11.59,1
1.9,47.5,13.09,1
1.9,50.0,14.59,1
1.9,52.5,16.09,1
1.9,55.0,17.59,1
1.9,57.5,19.09,1
1.9,60.0,20.59,1
1.95,0.0,-18.41,0
1.95,2.5,-16.91,0
1.95,5.0,-15.41,0
1.95,7.5,-13.91,0
1.95,10.0,-12.41,0
1.95,12.5,-10.91,0
1.95,15.0,-9.41,0
1.95,17.5,-7.91,0
1.95,20.0,-6.41,0
1.95,22.5,-4.91,0
1.95,25.0,-3.41,0
1.95,27.5,-1.91,0
1.95,30.0,-0.41,0
1.95,32.5,1.09,1
1.95,35.0,2.59,1
1.95,37.5,4.09,1
1.95,40.0,5.59,1
1.95,42.5,7.09,1
1.95,45.0,8.59,1
1.95,47.5,10.09,1
1.95,50.0,11.59,1
1.95,52.5,13.09,1
1.95,55.0,14.59,1
1.95,57.5,16.09,1
1.95,60.0,17.59,1
2.0,0.0,-21.41,0
2.0,2.5,-19.91,0
2.0,5.0,-18.41,0
2.0,7.5,-16.91,0
2.0,10.0,-15.41,0
2.0,12.5,-13.91,0
2.0,15.0,-12.41,0
2.0,17.5,-10.91,0
2.0,20.0,-9.41,0
2.0,22.5,-7.91,0
2.0,25.0,-6.41,0
2.0,27.5,-4.91,0
2.0,30.0,-3.41,0
2.0,32.5,-1.91,0
2.0,35.0,-0.41,0
2.0,37.5,1.09,1
2.0,40.0,2.59,1
2.0,42.5,4.09,1
2.0,45.0,5.59,1
2.0,47.5,7.09,1
2.0,50.0,8.59,1
2.0,52.5,10.09,1
2.0,55.0,11.59,1
2.0,57.5,13.09,1
2.0,60.0,14.59,1
2.05,0.0,-24.41,0
2.05,2.5,-22.91,0
2.05,5.0,-21.41,0
2.05,7.5,-19.91,0
2.05,10.0,-18.41,0
2.05,12.5,-16.91,0
2.05,15.0,-15.41,0
2.05,17.5,-13.91,0
2.05,20.0,-12.41,0
2.05,22.5,-10.91,0
2.05,25.0,-9.41,0
2.05,27.5,-7.91,0
2.05,30.0,-6.41,0
2.05,32.5,-4.91,0
2.05,35.0,-3.41,0
2.05,37.5,-1.91,0
2.05,40.0,-0.41,0
2.05,42.5,1.09,1
2.05,45.0,2.59,1
2.05,47.5,4.09,1
2.05,50.0,5.59,1
2.05,52.5,7.09,1
2.05,55.0,8.59,1
2.05,57.5,10.09,1
2.05,60.0,11.59,1
2.1,0.0,-27.41,0
2.1,2.5,-25.91,0
2.1,5.0,-24.41,0
2.1,7.5,-22.91,0
2.1,10.0,-21.41,0
2.1,12.5,-19.91,0
2.1,15.0,-18.41,0
2.1,17.5,-16.91,0
2.1,20.0,-15.41,0
2.1,22.5,-13.91,0
2.1,25.0,-12.41,0
2.1,27.5,-10.91,0
2.1,30.0,-9.41,0
2.1,32.5,-7.91,0
2.1,35.0,-6.41,0
2.1,37.5,-4.91,0
2.1,40.0,-3.41,0
2.1,42.5,-1.91,0
2.1,45.0,-0.41,0
2.1,47.5,1.09,1
2.1,50.0,2.59,1
2.1,52.5,4.09,1
2.1,55.0,5.59,1
2.1,57.5,7.09,1
2.1,60.0,8.59,1
2.15,0.0,-30.41,0
2.15,2.5,-28.91,0
2.15,5.0,-27.41,0
2.15,7.5,-25.91,0
2.15,10.0,-24.41,0
2.15,12.5,-22.91,0
2.15,15.0,-21.41,0
2.15,17.5,-19.91,0
2.15,20.0,-18.41,0
2.15,22.5,-16.91,0
2.15,25.0,-15.41,0
2.15,27.5,-13.91,0
2.15,30.0,-12.41,0
2.15,32.5,-10.91,0
2.15,35.0,-9.41,0
2.15,37.5,-7.91,0
2.15,40.0,-6.41,0
2.15,42.5,-4.91,0
2.15,45.0,-3.41,0
2.15,47.5,-1.91,0
2.15,50.0,-0.41,0
2.15,52.5,1.09,1
2.15,55.0,2.59,1
2.15,57.5,4.09,1
2.15,60.0,5.59,1
2.2,0.0,-33.41,0
2.2,2.5,-31.91,0
2.2,5.0,-30.41,0
2.2,7.5,-28.91,0
2.2,10.0,-27.41,0
2.2,12.5,-25.91,0
2.2,15.0,-24.41,0
2.2,17.5,-22.91,0
2.2,20.0,-21.41,0
2.2,22.5,-19.91,0
2.2,25.0,-18.41,0
2.2,27.5,-16.91,0
2.2,30.0,-15.41,0
2.2,32.5,-13.91,0
2.2,35.0,-12.41,0
2.2,37.5,-10.91,0
2.2,40.0,-9.41,0
2.2,42.5,-7.91,0
2.2,45.0,-6.41,0
2.2,47.5,-4.91,0
2.2,50.0,-3.41,0
2.2,52.5,-1.91,0
2.2,55.0,-0.41,0
2.2,57.5,1.09,1
2.2,60.0,2.59,1
2.25,0.0,-36.41,0
2.25,2.5,-34.91,0
2.25,5.0,-33.41,0
2.25,7.5,-31.91,0
2.25,10.0,-30.41,0
2.25,12.5,-28.91,0
2.25,15.0,-27.41,0
2.25,17.5,-25.91,0
2.25,20.0,-24.41,0
2.25,22.5,-22.91,0
2.25,25.0,-21.41,0
2.25,27.5,-19.91,0
2.25,30.0,-18.41,0
2.25,32.5,-16.91,0
2.25,35.0,-15.41,0
2.25,37.5,-13.91,0
2.25,40.0,-12.41,0
2.25,42.5,-10.91,0
2.25,45.0,-9.41,0
2.25,47.5,-7.91,0
2.25,50.0,-6.41,0
2.25,52.5,-4.91,0
2.25,55.0,-3.41,0
2.25,57.5,-1.91,0
2.25,60.0,-0.41,0
2.3,0.0,-39.41,0
2.3,2.5,-37.91,0
2.3,5.0,-36.41,0
2.3,7.5,-34.91,0
2.3,10.0,-33.41,0
2.3,12.5,-31.91,0
2.3,15.0,-30.41,0
2.3,17.5,-28.91,0
2.3,20.0,-27.41,0
2.3,22.5,-25.91,0
2.3,25.0,-24.41,0
2.3,27.5,-22.91,0
2.3,30.0,-21.41,0
2.3,32.5,-19.91,0
2.3,35.0,-18.41,0
2.3,37.5,-16.91,0
2.3,40.0,-15.41,0
2.3,42.5,-13.91,0
2.3,45.0,-12.41,0
2.3,47.5,-10.91,0
2.3,50.0,-9.41,0
2.3,52.5,-7.91,0
2.3,55.0,-6.41,0
2.3,57.5,-4.91,0
2.3,60.0,-3.41,0
2.35,0.0,-42.41,0
2.35,2.5,-40.91,0
2.35,5.0,-39.41,0
2.35,7.5,-37.91,0
2.35,10.0,-36.41,0
2.35,12.5,-34.91,0
2.35,15.0,-33.41,0
2.35,17.5,-31.91,0
2.35,20.0,-30.41,0
2.35,22.5,-28.91,0
2.35,25.0,-27.41,0
2.35,27.5,-25.91,0
2.35,30.0,-24.41,0
2.35,32.5,-22.91,0
2.35,35.0,-21.41,0
2.35,37.5,-19.91,0
2.35,40.0,-18.41,0
2.35,42.5,-16.91,0
2.35,45.0,-15.41,0
2.35,47.5,-13.91,0
2.35,50.0,-12.41,0
2.35,52.5,-10.91,0
2.35,55.0,-9.41,0
2.35,57.5,-7.91,0
2.35,60.0,-6.41,0
2.4,0.0,-45.41,0
2.4,2.5,-43.91,0
2.4,5.0,-42.41,0
2.4,7.5,-40.91,0
2.4,10.0,-39.41,0
2.4,12.5,-37.91,0
2.4,15.0,-36.41,0
2.4,17.5,-34.91,0
2.4,20.0,-33.41,0
2.4,22.5,-31.91,0
2.4,25.0,-30.41,0
2.4,27.5,-28.91,0
2.4,30.0,-27.41,0
2.4,32.5,-25.91,0
2.4,35.0,-24.41,0
2.4,37.5,-22.91,0
2.4,40.0,-21.41,0
2.4,42.5,-19.91,0
2.4,45.0,-18.41,0
2.4,47.5,-16.91,0
2.4,50.0,-15.41,0
2.4,52.5,-13.91,0
2.4,55.0,-12.41,0
2.4,57.5,-10.91,0
2.4,60.0,-9.41,0
2.45,0.0,-48.41,0
2.45,2.5,-46.91,0
2.45,5.0,-45.41,0
2.45,7.5,-43.91,0
2.45,10.0,-42.41,0
2.45,12.5,-40.91,0
2.45,15.0,-39.41,0
2.45,17.5,-37.91,0
2.45,20.0,-36.41,0
2.45,22.5,-34.91,0
2.45,25.0,-33.41,0
2.45,27.5,-31.91,0
2.45,30.0,-30.41,0
2.45,32.5,-28.91,0
2.45,35.0,-27.41,0
2.45,37.5,-25.91,0
2.45,40.0,-24.41,0
2.45,42.5,-22.91,0
2.45,45.0,-21.41,0
2.45,47.5,-19.91,0
2.45,50.0,-18.41,0
2.45,52.5,-16.91,0
2.45,55.0,-15.41,0
2.45,57.5,-13.91,0
2.45,60.0,-12.41,0
2.5,0.0,-51.41,0
2.5,2.5,-49.91,0
2.5,5.0,-48.41,0
2.5,7.5,-46.91,0
2.5,10.0,-45.41,0
2.5,12.5,-43.91,0
2.5,15.0,-42.41,0
2.5,17.5,-40.91,0
2.5,20.0,-39.41,0
2.5,22.5,-37.91,0
2.5,25.0,-36.41,0
2.5,27.5,-34.91,0
2.5,30.0,-33.41,0
2.5,32.5,-31.91,0
2.5,35.0,-30.41,0
2.5,37.5,-28.91,0
2.5,40.0,-27.41,0
2.5,42.5,-25.91,0
2.5,45.0,-24.41,0
2.5,47.5,-22.91,0
2.5,50.0,-21.41,0
2.5,52.5,-19.91,0
2.5,55.0,-18.41,0
2.5,57.5,-16.91,0
2.5,60.0,-15.41,0
